<?xml version="1.0" encoding="UTF-8"?>
<GenRun Id="impl_1" LaunchPart="xc7z007sclg400-1" LaunchTime="1555662987">
  <File Type="BITSTR-BMM" Name="wrap_bd.bmm"/>
  <File Type="OPT-METHODOLOGY-DRC" Name="wrap_methodology_drc_opted.rpt"/>
  <File Type="INIT-TIMING" Name="wrap_timing_summary_init.rpt"/>
  <File Type="ROUTE-PWR" Name="wrap_power_routed.rpt"/>
  <File Type="PA-TCL" Name="wrap.tcl"/>
  <File Type="OPT-TIMING" Name="wrap_timing_summary_opted.rpt"/>
  <File Type="OPT-DCP" Name="wrap_opt.dcp"/>
  <File Type="ROUTE-PWR-SUM" Name="wrap_power_summary_routed.pb"/>
  <File Type="REPORTS-TCL" Name="wrap_reports.tcl"/>
  <File Type="OPT-DRC" Name="wrap_drc_opted.rpt"/>
  <File Type="OPT-HWDEF" Name="wrap.hwdef"/>
  <File Type="PWROPT-DCP" Name="wrap_pwropt.dcp"/>
  <File Type="PWROPT-DRC" Name="wrap_drc_pwropted.rpt"/>
  <File Type="PWROPT-TIMING" Name="wrap_timing_summary_pwropted.rpt"/>
  <File Type="PLACE-DCP" Name="wrap_placed.dcp"/>
  <File Type="PLACE-IO" Name="wrap_io_placed.rpt"/>
  <File Type="PLACE-CLK" Name="wrap_clock_utilization_placed.rpt"/>
  <File Type="PLACE-UTIL" Name="wrap_utilization_placed.rpt"/>
  <File Type="PLACE-UTIL-PB" Name="wrap_utilization_placed.pb"/>
  <File Type="PLACE-CTRL" Name="wrap_control_sets_placed.rpt"/>
  <File Type="PLACE-SIMILARITY" Name="wrap_incremental_reuse_placed.rpt"/>
  <File Type="PLACE-PRE-SIMILARITY" Name="wrap_incremental_reuse_pre_placed.rpt"/>
  <File Type="BG-BGN" Name="wrap.bgn"/>
  <File Type="PLACE-TIMING" Name="wrap_timing_summary_placed.rpt"/>
  <File Type="POSTPLACE-PWROPT-DCP" Name="wrap_postplace_pwropt.dcp"/>
  <File Type="BG-BIN" Name="wrap.bin"/>
  <File Type="POSTPLACE-PWROPT-TIMING" Name="wrap_timing_summary_postplace_pwropted.rpt"/>
  <File Type="PHYSOPT-DCP" Name="wrap_physopt.dcp"/>
  <File Type="PHYSOPT-DRC" Name="wrap_drc_physopted.rpt"/>
  <File Type="BITSTR-MSK" Name="wrap.msk"/>
  <File Type="PHYSOPT-TIMING" Name="wrap_timing_summary_physopted.rpt"/>
  <File Type="ROUTE-ERROR-DCP" Name="wrap_routed_error.dcp"/>
  <File Type="ROUTE-DCP" Name="wrap_routed.dcp"/>
  <File Type="ROUTE-BLACKBOX-DCP" Name="wrap_routed_bb.dcp"/>
  <File Type="ROUTE-DRC" Name="wrap_drc_routed.rpt"/>
  <File Type="ROUTE-DRC-PB" Name="wrap_drc_routed.pb"/>
  <File Type="BITSTR-LTX" Name="debug_nets.ltx"/>
  <File Type="BITSTR-LTX" Name="wrap.ltx"/>
  <File Type="ROUTE-DRC-RPX" Name="wrap_drc_routed.rpx"/>
  <File Type="BITSTR-MMI" Name="wrap.mmi"/>
  <File Type="ROUTE-METHODOLOGY-DRC" Name="wrap_methodology_drc_routed.rpt"/>
  <File Type="ROUTE-METHODOLOGY-DRC-RPX" Name="wrap_methodology_drc_routed.rpx"/>
  <File Type="BITSTR-SYSDEF" Name="wrap.sysdef"/>
  <File Type="ROUTE-METHODOLOGY-DRC-PB" Name="wrap_methodology_drc_routed.pb"/>
  <File Type="ROUTE-PWR-RPX" Name="wrap_power_routed.rpx"/>
  <File Type="ROUTE-STATUS" Name="wrap_route_status.rpt"/>
  <File Type="ROUTE-STATUS-PB" Name="wrap_route_status.pb"/>
  <File Type="ROUTE-TIMINGSUMMARY" Name="wrap_timing_summary_routed.rpt"/>
  <File Type="ROUTE-TIMING-PB" Name="wrap_timing_summary_routed.pb"/>
  <File Type="ROUTE-TIMING-RPX" Name="wrap_timing_summary_routed.rpx"/>
  <File Type="ROUTE-SIMILARITY" Name="wrap_incremental_reuse_routed.rpt"/>
  <File Type="ROUTE-CLK" Name="wrap_clock_utilization_routed.rpt"/>
  <File Type="ROUTE-BUS-SKEW" Name="wrap_bus_skew_routed.rpt"/>
  <File Type="ROUTE-BUS-SKEW-PB" Name="wrap_bus_skew_routed.pb"/>
  <File Type="ROUTE-BUS-SKEW-RPX" Name="wrap_bus_skew_routed.rpx"/>
  <File Type="POSTROUTE-PHYSOPT-DCP" Name="wrap_postroute_physopt.dcp"/>
  <File Type="POSTROUTE-PHYSOPT-BLACKBOX-DCP" Name="wrap_postroute_physopt_bb.dcp"/>
  <File Type="POSTROUTE-PHYSOPT-TIMING" Name="wrap_timing_summary_postroute_physopted.rpt"/>
  <File Type="POSTROUTE-PHYSOPT-TIMING-PB" Name="wrap_timing_summary_postroute_physopted.pb"/>
  <File Type="POSTROUTE-PHYSOPT-TIMING-RPX" Name="wrap_timing_summary_postroute_physopted.rpx"/>
  <File Type="POSTROUTE-PHYSOPT-BUS-SKEW" Name="wrap_bus_skew_postroute_physopted.rpt"/>
  <File Type="POSTROUTE-PHYSOPT-BUS-SKEW-PB" Name="wrap_bus_skew_postroute_physopted.pb"/>
  <File Type="BG-BIT" Name="wrap.bit"/>
  <File Type="POSTROUTE-PHYSOPT-BUS-SKEW-RPX" Name="wrap_bus_skew_postroute_physopted.rpx"/>
  <File Type="BITSTR-RBT" Name="wrap.rbt"/>
  <File Type="BITSTR-NKY" Name="wrap.nky"/>
  <File Type="BG-DRC" Name="wrap.drc"/>
  <File Type="RDI-RDI" Name="wrap.vdi"/>
  <File Type="WBT-USG" Name="usage_statistics_webtalk.html"/>
  <FileSet Name="sources" Type="DesignSrcs" RelSrcDir="$PSRCDIR/sources_1">
    <Filter Type="Srcs"/>
    <File Path="$PSRCDIR/sources_1/new/source122.v">
      <FileInfo>
        <Attr Name="UsedIn" Val="synthesis"/>
        <Attr Name="UsedIn" Val="implementation"/>
        <Attr Name="UsedIn" Val="simulation"/>
      </FileInfo>
    </File>
    <Config>
      <Option Name="DesignMode" Val="RTL"/>
      <Option Name="TopModule" Val="wrap"/>
      <Option Name="TopAutoSet" Val="TRUE"/>
    </Config>
  </FileSet>
  <FileSet Name="constrs_in" Type="Constrs" RelSrcDir="$PSRCDIR/constrs_1">
    <Filter Type="Constrs"/>
    <File Path="$PSRCDIR/constrs_1/new/con122.xdc">
      <FileInfo>
        <Attr Name="UsedIn" Val="synthesis"/>
        <Attr Name="UsedIn" Val="implementation"/>
      </FileInfo>
    </File>
    <Config>
      <Option Name="ConstrsType" Val="XDC"/>
    </Config>
  </FileSet>
  <FileSet Name="utils" Type="Utils" RelSrcDir="$PSRCDIR/utils_1">
    <Filter Type="Utils"/>
    <Config>
      <Option Name="TopAutoSet" Val="TRUE"/>
    </Config>
  </FileSet>
  <Strategy Version="1" Minor="2">
    <StratHandle Name="Vivado Implementation Defaults" Flow="Vivado Implementation 2018"/>
    <Step Id="init_design"/>
    <Step Id="opt_design"/>
    <Step Id="power_opt_design"/>
    <Step Id="place_design"/>
    <Step Id="post_place_power_opt_design"/>
    <Step Id="phys_opt_design"/>
    <Step Id="route_design"/>
    <Step Id="post_route_phys_opt_design"/>
    <Step Id="write_bitstream"/>
  </Strategy>
</GenRun>
